metric,gemini,few_shot
toxicity_before,0.5110489238874595,0.5110489238874595
toxicity_after,0.1430540201790312,0.022076885896967723
toxicity_reduction,0.36799490370842824,0.4889720379904917
semantic_similarity,0.7141484022140503,0.35170257091522217
