model,mean_toxicity_before,mean_toxicity_after,mean_toxicity_reduction,mean_semantic_similarity,std_semantic_similarity,n_examples
memes_gemini,0.5110489238874595,0.1430540201790312,0.36799490370842824,0.7141484,0.19509736,190
memes_llava,0.5110489238874595,0.33193310520421765,0.17911581868324183,0.8389666,0.21628436,190
