model,mean_toxicity_before,mean_toxicity_after,mean_toxicity_reduction,mean_semantic_similarity,std_semantic_similarity,n_examples
gemini,0.5110489238874595,0.1430540201790312,0.36799490370842824,0.7141484,0.19509736,190
gemini_fewshot,0.5110489238874595,0.022076885896967723,0.4889720379904917,0.35170257,0.22730662,190
gemini_basic,0.5110489238874595,0.03634256150261009,0.47470636238484937,0.37892103,0.25412962,190
gemma_basic,0.5110489238874595,0.4293939590784966,0.08165496480896285,0.802543,0.23829767,190
llava,0.5110489238874595,0.33193310520421765,0.17911581868324183,0.8389666,0.21628436,190
claude,0.5110489238874595,0.026767463602530035,0.4842814602849294,0.44844666,0.2093942,190
