model,mean_toxicity_before,mean_toxicity_after,mean_toxicity_reduction,mean_semantic_similarity,std_semantic_similarity,n_examples
gemini,0.5110489238874595,0.1430540201790312,0.36799490370842824,0.7141484,0.19509736,190
gemini_fewshot,0.5110489238874595,0.022076885896967723,0.4889720379904917,0.35170257,0.22730662,190
gemma_basic,0.5110489238874595,0.4293939590784966,0.08165496480896285,0.802543,0.23829767,190
llama,0.5110489238874595,0.0012030864600092173,0.5098458374274503,0.09048795,0.09458686,190
gpt,0.5110489238874595,0.015316804665704504,0.495732119221755,0.4734343,0.18125121,190
claude,0.5110489238874595,0.026767463602530035,0.4842814602849294,0.44844666,0.2093942,190
